id,condition,v1_item,v1_Q1,v1_Q2,v1_Q3,v1_Q4,v2_item,v2_Q1,v2_Q2,v2_Q3,v2_Q4,v3_item,v3_Q1,v3_Q2,v3_Q3,v3_Q4,item_reported
1,congruent,coin,,42,45,44,coin,,44,34,43,coin,,47,43,48,999
2,congruent,coin,,49,53,49,coin,,40,58,56,coin,,86,86,84,1
3,congruent,coin,,38,36,43,coin,,45,40,35,coin,,41,42,39,999
4,congruent,coin,,45,46,47,coin,,44,45,45,coin,,33,39,35,999
5,congruent,coin,,53,48,62,coin,,56,45,58,coin,,20,24,23,999
6,congruent,coin,,32,31,30,coin,,30,33,28,coin,,58,52,60,1
7,congruent,coin,,41,41,39,coin,,29,39,37,coin,,41,43,38,999
8,congruent,coin,,55,48,58,coin,,62,50,59,coin,,20,24,25,0
9,congruent,coin,,54,61,62,coin,,61,59,54,coin,,80,81,78,1
10,congruent,coin,,70,74,72,coin,,71,82,59,coin,,58,60,65,1
11,congruent,coin,,18,16,20,coin,,13,21,19,coin,,53,55,58,999
12,congruent,coin,,45,39,45,coin,,41,47,49,coin,,73,72,81,999
13,congruent,coin,,51,53,50,coin,,56,57,44,coin,,60,69,58,999
14,congruent,coin,,48,43,53,coin,,46,41,54,coin,,38,38,35,999
15,congruent,coin,,34,34,35,coin,,33,27,37,coin,,30,35,32,999
16,congruent,coin,,46,38,52,coin,,43,33,48,coin,,58,51,47,999
17,congruent,coin,,72,79,71,coin,,72,70,65,coin,,25,26,30,999
18,congruent,coin,,38,40,43,coin,,33,39,36,coin,,49,53,46,999
19,congruent,coin,,71,71,69,coin,,70,73,71,coin,,57,54,54,999
20,congruent,coin,,46,49,45,coin,,38,50,45,coin,,64,60,51,0
21,congruent,coin,,59,61,50,coin,,55,69,48,coin,,46,48,44,999
22,congruent,coin,,49,49,40,coin,,47,43,43,coin,,36,33,36,999
23,congruent,coin,,40,34,42,coin,,42,43,46,coin,,53,49,56,1
24,congruent,coin,,29,37,25,coin,,26,38,19,coin,,51,53,55,999
25,congruent,coin,,51,53,44,coin,,47,50,36,coin,,31,23,39,0
26,congruent,coin,,43,45,41,coin,,48,53,38,coin,,62,64,62,1
27,congruent,coin,,59,57,47,coin,,60,62,52,coin,,25,29,25,999
28,congruent,coin,,53,52,55,coin,,59,50,59,coin,,33,37,36,999
29,congruent,coin,,52,55,58,coin,,42,55,56,coin,,65,60,63,999
30,congruent,coin,,42,43,48,coin,,50,43,48,coin,,42,43,42,999
31,congruent,coin,,39,35,33,coin,,35,32,39,coin,,58,59,57,999
32,congruent,coin,,61,56,57,coin,,55,54,59,coin,,53,56,56,999
33,congruent,coin,,25,23,25,coin,,24,16,31,coin,,45,45,45,0
34,congruent,coin,,44,35,38,coin,,42,35,41,coin,,41,37,43,999
35,congruent,coin,,70,74,71,coin,,67,75,69,coin,,40,39,41,1
36,congruent,coin,,41,42,39,coin,,42,47,41,coin,,43,37,46,0
37,congruent,coin,,53,57,55,coin,,57,57,59,coin,,78,76,79,1
38,congruent,coin,,87,89,84,coin,,87,87,84,coin,,60,64,62,999
39,congruent,coin,,55,47,58,coin,,56,43,57,coin,,87,89,86,1
40,congruent,coin,,26,28,27,coin,,20,25,26,coin,,81,88,95,1
41,congruent,coin,,42,43,31,coin,,42,42,31,coin,,48,40,40,999
42,congruent,coin,,32,28,31,coin,,24,32,21,coin,,71,72,71,999
43,congruent,coin,,54,62,52,coin,,47,75,55,coin,,65,67,64,1
44,congruent,coin,,47,51,40,coin,,52,50,47,coin,,47,45,61,999
45,congruent,coin,,57,60,64,coin,,54,56,60,coin,,45,39,43,999
46,congruent,coin,,56,54,63,coin,,58,49,56,coin,,50,49,49,999
47,congruent,coin,,52,46,52,coin,,44,46,44,coin,,38,46,41,999
48,congruent,coin,,29,20,36,coin,,30,8,25,coin,,54,57,59,999
49,congruent,coin,,41,41,38,coin,,41,45,34,coin,,34,26,32,999
50,congruent,coin,,47,43,40,coin,,52,47,38,coin,,43,47,39,999
51,congruent,coin,,32,29,25,coin,,28,30,24,coin,,45,41,59,999
52,congruent,coin,,51,52,49,coin,,50,56,53,coin,,52,45,51,999
53,congruent,coin,,26,31,28,coin,,28,27,21,coin,,39,41,36,999
54,congruent,card,,48,44,43,card,,39,34,47,card,,50,38,53,0
55,congruent,card,,50,49,49,card,,46,40,47,card,,18,17,19,999
56,congruent,card,,32,35,21,card,,34,35,16,card,,33,27,42,0
57,congruent,card,,37,42,38,card,,45,30,33,card,,60,61,67,999
58,congruent,card,,66,59,68,card,,68,60,70,card,,54,44,53,999
59,congruent,card,,71,59,72,card,,68,61,69,card,,41,45,46,999
60,congruent,card,,46,41,44,card,,45,35,49,card,,60,52,65,0
61,congruent,card,,47,47,47,card,,49,51,43,card,,51,52,48,999
62,congruent,card,,54,48,52,card,,52,49,38,card,,58,52,58,1
63,congruent,card,,90,90,93,card,,96,89,96,card,,90,94,96,1
64,congruent,card,,46,37,41,card,,53,37,36,card,,49,51,49,999
65,congruent,card,,58,54,56,card,,53,58,55,card,,56,53,56,999
66,congruent,card,,38,43,38,card,,36,43,30,card,,63,73,69,999
67,congruent,card,,71,66,70,card,,61,70,68,card,,42,47,39,1
68,congruent,card,,52,46,49,card,,56,46,54,card,,39,39,37,999
69,congruent,card,,54,55,57,card,,52,50,52,card,,90,92,95,1
70,congruent,card,,65,61,65,card,,71,63,73,card,,38,39,40,999
71,congruent,card,,41,37,56,card,,42,39,45,card,,74,74,75,0
72,congruent,card,,68,66,66,card,,76,66,57,card,,40,41,42,999
73,congruent,card,,78,73,77,card,,76,72,78,card,,48,40,45,999
74,congruent,card,,61,71,68,card,,57,63,70,card,,25,26,27,0
75,congruent,card,,46,40,45,card,,44,32,41,card,,49,54,47,999
76,congruent,card,,55,52,55,card,,51,47,57,card,,47,37,45,0
77,congruent,card,,47,50,36,card,,51,45,38,card,,20,24,17,999
78,congruent,card,,60,52,61,card,,57,55,51,card,,20,19,22,999
79,congruent,card,,32,38,31,card,,24,37,29,card,,63,56,62,0
80,congruent,card,,34,32,34,card,,34,33,44,card,,55,60,49,999
81,congruent,card,,42,33,46,card,,53,27,49,card,,32,30,26,999
82,congruent,card,,52,49,41,card,,56,49,37,card,,37,37,44,999
83,congruent,card,,36,33,39,card,,34,35,40,card,,25,18,33,999
84,congruent,card,,41,41,33,card,,47,42,29,card,,47,45,45,999
85,congruent,card,,49,51,45,card,,45,58,44,card,,35,43,34,0
86,congruent,card,,36,41,35,card,,34,30,31,card,,48,41,54,999
87,congruent,card,,45,43,41,card,,42,39,49,card,,54,51,55,999
88,congruent,card,,47,56,47,card,,55,57,45,card,,44,52,47,999
89,congruent,card,,36,29,40,card,,41,18,34,card,,57,62,60,999
90,congruent,card,,48,42,48,card,,48,35,50,card,,63,60,58,0
91,congruent,card,,38,34,42,card,,41,39,45,card,,35,36,32,999
92,congruent,card,,57,58,66,card,,64,51,72,card,,98,96,94,1
93,congruent,card,,53,62,54,card,,54,67,52,card,,28,23,25,999
94,congruent,card,,36,33,43,card,,43,35,39,card,,54,48,52,999
95,congruent,card,,65,62,66,card,,72,63,63,card,,40,35,46,999
96,congruent,card,,37,30,38,card,,42,32,42,card,,45,43,46,0
97,congruent,card,,62,67,67,card,,54,68,61,card,,57,61,56,1
98,congruent,card,,77,70,75,card,,71,65,76,card,,46,49,39,999
99,congruent,card,,28,21,24,card,,25,16,21,card,,86,89,84,1
100,congruent,card,,58,51,52,card,,59,55,59,card,,51,50,49,999
101,congruent,card,,79,78,74,card,,78,81,75,card,,72,62,88,999
102,congruent,card,,81,77,80,card,,78,75,74,card,,53,54,59,1
103,congruent,card,,41,44,36,card,,35,47,29,card,,72,68,71,999
104,congruent,card,,41,32,34,card,,35,35,26,card,,47,51,49,0
105,congruent,card,,50,52,56,card,,46,40,52,card,,54,49,51,999
106,congruent,card,,36,37,40,card,,31,36,39,card,,42,42,36,0
107,congruent,handkerchief,,50,47,58,handkerchief,,37,42,52,handkerchief,,42,42,46,999
108,congruent,handkerchief,,46,50,49,handkerchief,,53,47,57,handkerchief,,43,44,45,999
109,congruent,handkerchief,,58,58,52,handkerchief,,53,43,51,handkerchief,,19,17,31,0
110,congruent,handkerchief,,78,74,81,handkerchief,,81,70,76,handkerchief,,30,32,35,999
111,congruent,handkerchief,,61,65,59,handkerchief,,65,67,67,handkerchief,,41,38,36,999
112,congruent,handkerchief,,27,18,26,handkerchief,,24,22,22,handkerchief,,30,27,27,999
113,congruent,handkerchief,,39,39,36,handkerchief,,38,31,39,handkerchief,,51,60,45,999
114,congruent,handkerchief,,52,55,53,handkerchief,,62,58,50,handkerchief,,67,67,69,0
115,congruent,handkerchief,,48,44,46,handkerchief,,44,44,46,handkerchief,,47,44,52,0
116,congruent,handkerchief,,52,45,51,handkerchief,,43,41,49,handkerchief,,27,29,29,999
117,congruent,handkerchief,,62,66,70,handkerchief,,56,53,69,handkerchief,,63,66,65,0
118,congruent,handkerchief,,41,44,38,handkerchief,,33,42,39,handkerchief,,28,23,33,999
119,congruent,handkerchief,,27,27,21,handkerchief,,24,29,15,handkerchief,,25,21,24,999
120,congruent,handkerchief,,45,48,50,handkerchief,,44,50,45,handkerchief,,59,61,61,0
121,congruent,handkerchief,,41,48,47,handkerchief,,46,47,47,handkerchief,,39,35,42,999
122,congruent,handkerchief,,35,35,34,handkerchief,,35,31,34,handkerchief,,40,39,43,0
123,congruent,handkerchief,,53,47,47,handkerchief,,61,53,43,handkerchief,,34,30,31,0
124,congruent,handkerchief,,38,36,41,handkerchief,,45,36,39,handkerchief,,49,44,48,999
125,congruent,handkerchief,,61,56,59,handkerchief,,60,54,65,handkerchief,,59,54,60,999
126,congruent,handkerchief,,53,46,54,handkerchief,,57,48,57,handkerchief,,14,11,18,999
127,congruent,handkerchief,,58,54,62,handkerchief,,54,47,71,handkerchief,,66,69,59,999
128,congruent,handkerchief,,49,60,43,handkerchief,,55,64,48,handkerchief,,35,35,33,999
129,congruent,handkerchief,,64,69,67,handkerchief,,65,73,74,handkerchief,,57,57,56,0
130,congruent,handkerchief,,55,52,54,handkerchief,,49,50,50,handkerchief,,63,65,60,1
131,congruent,handkerchief,,35,37,33,handkerchief,,29,40,31,handkerchief,,24,29,20,999
132,congruent,handkerchief,,47,52,51,handkerchief,,38,43,48,handkerchief,,46,46,48,999
133,congruent,handkerchief,,45,47,47,handkerchief,,41,53,34,handkerchief,,27,29,37,999
134,congruent,handkerchief,,45,41,44,handkerchief,,41,35,41,handkerchief,,54,50,54,1
135,congruent,handkerchief,,47,49,51,handkerchief,,40,53,47,handkerchief,,50,53,49,999
136,congruent,handkerchief,,71,80,76,handkerchief,,75,70,76,handkerchief,,55,46,54,999
137,congruent,handkerchief,,34,35,38,handkerchief,,35,38,34,handkerchief,,62,58,62,999
138,congruent,handkerchief,,56,51,57,handkerchief,,58,46,73,handkerchief,,37,30,29,999
139,congruent,handkerchief,,56,56,59,handkerchief,,47,60,53,handkerchief,,46,50,41,0
140,congruent,handkerchief,,51,46,44,handkerchief,,53,41,42,handkerchief,,46,46,50,999
141,congruent,handkerchief,,46,43,49,handkerchief,,50,44,43,handkerchief,,90,94,98,1
142,congruent,handkerchief,,37,35,41,handkerchief,,39,39,33,handkerchief,,47,56,49,999
143,congruent,handkerchief,,90,95,85,handkerchief,,86,95,79,handkerchief,,46,43,43,999
144,congruent,handkerchief,,46,37,40,handkerchief,,48,36,44,handkerchief,,32,32,35,0
145,congruent,handkerchief,,51,49,59,handkerchief,,46,42,56,handkerchief,,80,75,79,999
146,congruent,handkerchief,,30,27,23,handkerchief,,28,27,16,handkerchief,,23,21,25,0
147,congruent,handkerchief,,41,42,44,handkerchief,,37,37,49,handkerchief,,45,46,46,999
148,congruent,handkerchief,,46,40,50,handkerchief,,40,34,56,handkerchief,,60,66,62,999
149,congruent,handkerchief,,72,70,74,handkerchief,,73,77,76,handkerchief,,0,0,0,999
150,congruent,handkerchief,,68,54,67,handkerchief,,67,52,60,handkerchief,,45,45,42,0
151,congruent,handkerchief,,49,56,57,handkerchief,,46,56,56,handkerchief,,60,54,50,1
152,congruent,handkerchief,,51,47,58,handkerchief,,50,41,55,handkerchief,,48,46,46,999
153,congruent,handkerchief,,39,39,34,handkerchief,,35,35,32,handkerchief,,49,51,41,0
154,congruent,handkerchief,,50,46,50,handkerchief,,45,54,48,handkerchief,,37,35,33,999
155,congruent,handkerchief,,75,79,65,handkerchief,,81,82,77,handkerchief,,48,50,42,999
156,congruent,handkerchief,,46,44,41,handkerchief,,44,48,38,handkerchief,,57,55,48,999
157,congruent,handkerchief,,36,36,40,handkerchief,,36,39,38,handkerchief,,36,39,32,0
158,congruent,handkerchief,,47,43,44,handkerchief,,49,38,43,handkerchief,,36,36,37,999
159,congruent,handkerchief,,61,58,53,handkerchief,,64,62,54,handkerchief,,26,32,18,999
160,incongruent,coin,,60,69,67,coin,,58,81,69,card,,0,0,0,999
161,incongruent,coin,,46,36,42,coin,,49,34,41,card,,48,51,42,999
162,incongruent,coin,,63,64,73,coin,,64,66,76,card,,94,95,96,1
163,incongruent,coin,,42,39,35,coin,,38,34,36,card,,14,14,11,999
164,incongruent,coin,,36,36,34,coin,,35,30,40,card,,59,60,65,0
165,incongruent,coin,,58,56,51,coin,,64,47,51,card,,93,94,95,1
166,incongruent,coin,,46,42,43,coin,,50,31,39,card,,30,26,27,999
167,incongruent,coin,,39,37,42,coin,,31,39,46,card,,59,60,66,0
168,incongruent,coin,,82,90,87,coin,,92,87,80,card,,38,44,52,1
169,incongruent,coin,,62,59,62,coin,,53,54,65,card,,25,26,33,999
170,incongruent,coin,,50,49,49,coin,,50,47,47,card,,58,54,60,999
171,incongruent,coin,,63,60,58,coin,,51,61,65,card,,44,48,42,0
172,incongruent,coin,,51,50,47,coin,,55,50,50,card,,62,66,66,999
173,incongruent,coin,,35,26,38,coin,,31,27,47,card,,53,58,56,999
174,incongruent,coin,,38,35,42,coin,,37,32,45,card,,50,40,47,999
175,incongruent,coin,,55,55,47,coin,,53,53,52,card,,61,72,62,1
176,incongruent,coin,,43,47,42,coin,,43,49,47,card,,46,40,37,999
177,incongruent,coin,,46,46,44,coin,,47,40,49,card,,46,40,51,999
178,incongruent,coin,,57,57,60,coin,,56,56,54,card,,57,49,65,999
179,incongruent,coin,,52,56,47,coin,,46,56,46,card,,37,32,38,999
180,incongruent,coin,,63,65,63,coin,,66,55,55,card,,38,38,36,999
181,incongruent,coin,,65,76,64,coin,,70,80,63,card,,28,27,23,999
182,incongruent,coin,,52,45,50,coin,,49,47,47,card,,59,56,63,999
183,incongruent,coin,,58,56,56,coin,,54,57,42,card,,0,0,0,999
184,incongruent,coin,,51,53,42,coin,,53,53,33,card,,43,45,46,999
185,incongruent,coin,,47,40,50,coin,,34,38,52,card,,24,25,23,999
186,incongruent,coin,,80,87,75,coin,,70,88,84,handkerchief,,57,52,57,2
187,incongruent,coin,,11,6,16,coin,,10,0,4,handkerchief,,50,50,55,999
188,incongruent,coin,,46,42,43,coin,,39,42,49,handkerchief,,63,68,58,1
189,incongruent,coin,,72,74,80,coin,,66,67,78,handkerchief,,48,44,43,999
190,incongruent,coin,,59,61,59,coin,,60,61,59,handkerchief,,50,45,32,999
191,incongruent,coin,,38,44,41,coin,,36,46,41,handkerchief,,28,28,21,999
192,incongruent,coin,,44,43,50,coin,,45,43,52,handkerchief,,0,0,0,999
193,incongruent,coin,,65,75,71,coin,,65,71,71,handkerchief,,59,65,59,999
194,incongruent,coin,,59,60,60,coin,,62,64,58,handkerchief,,57,58,52,999
195,incongruent,coin,,51,58,64,coin,,51,70,72,handkerchief,,68,71,58,999
196,incongruent,coin,,43,41,37,coin,,40,39,39,handkerchief,,80,83,87,0
197,incongruent,coin,,48,46,45,coin,,47,51,43,handkerchief,,49,61,48,999
198,incongruent,coin,,67,61,71,coin,,62,61,70,handkerchief,,43,43,52,999
199,incongruent,coin,,47,51,47,coin,,48,57,51,handkerchief,,46,50,43,999
200,incongruent,coin,,54,45,49,coin,,49,38,56,handkerchief,,18,27,14,999
201,incongruent,coin,,45,43,40,coin,,41,33,43,handkerchief,,85,89,88,0
202,incongruent,coin,,64,66,66,coin,,60,59,65,handkerchief,,33,32,37,999
203,incongruent,coin,,42,40,48,coin,,34,39,58,handkerchief,,68,74,70,999
204,incongruent,coin,,53,62,51,coin,,57,61,51,handkerchief,,76,79,73,0
205,incongruent,coin,,46,43,50,coin,,46,42,52,handkerchief,,36,30,35,999
206,incongruent,coin,,46,43,48,coin,,50,43,41,handkerchief,,42,43,45,999
207,incongruent,coin,,48,47,46,coin,,53,51,48,handkerchief,,29,30,32,999
208,incongruent,coin,,40,41,43,coin,,44,37,48,handkerchief,,50,43,50,999
209,incongruent,coin,,54,51,57,coin,,56,59,49,handkerchief,,40,43,42,0
210,incongruent,coin,,55,52,52,coin,,48,50,51,handkerchief,,66,62,63,0
211,incongruent,coin,,50,51,55,coin,,45,47,59,handkerchief,,66,67,65,0
212,incongruent,coin,,52,53,52,coin,,56,48,50,handkerchief,,46,46,51,999
213,incongruent,card,,52,56,61,card,,52,60,56,coin,,53,55,53,999
214,incongruent,card,,35,35,40,card,,44,39,41,coin,,50,43,49,999
215,incongruent,card,,47,41,41,card,,47,46,47,coin,,28,31,27,999
216,incongruent,card,,22,27,27,card,,20,26,33,coin,,50,53,44,999
217,incongruent,card,,43,45,42,card,,47,38,36,coin,,55,51,53,999
218,incongruent,card,,47,57,43,card,,43,60,40,coin,,23,22,24,999
219,incongruent,card,,52,54,51,card,,50,52,43,coin,,35,35,34,0
220,incongruent,card,,50,49,48,card,,55,53,43,coin,,0,0,0,999
221,incongruent,card,,48,46,43,card,,43,53,38,coin,,76,71,77,999
222,incongruent,card,,49,45,49,card,,36,39,44,coin,,63,56,57,999
223,incongruent,card,,28,25,21,card,,24,20,33,coin,,100,100,100,2
224,incongruent,card,,47,46,44,card,,52,39,51,coin,,55,55,55,999
225,incongruent,card,,49,54,52,card,,53,42,50,coin,,59,61,66,999
226,incongruent,card,,24,30,26,card,,27,31,30,coin,,38,37,40,999
227,incongruent,card,,40,36,36,card,,41,38,32,coin,,54,55,51,999
228,incongruent,card,,59,51,71,card,,60,53,69,coin,,35,35,37,999
229,incongruent,card,,48,48,42,card,,47,41,46,coin,,87,88,93,2
230,incongruent,card,,46,42,42,card,,45,38,36,coin,,82,74,82,1
231,incongruent,card,,73,80,59,card,,75,81,58,coin,,33,31,41,999
232,incongruent,card,,26,30,20,card,,29,27,18,coin,,41,40,40,999
233,incongruent,card,,76,75,82,card,,73,80,84,coin,,42,51,44,0
234,incongruent,card,,72,75,68,card,,67,69,74,coin,,53,56,45,999
235,incongruent,card,,37,33,37,card,,31,35,34,coin,,41,43,43,1
236,incongruent,card,,38,43,38,card,,30,47,43,coin,,31,27,28,999
237,incongruent,card,,26,29,34,card,,24,33,36,coin,,56,55,57,999
238,incongruent,card,,50,54,42,card,,44,62,40,coin,,52,58,56,999
239,incongruent,card,,43,47,48,card,,44,48,52,coin,,0,0,0,999
240,incongruent,card,,42,40,31,card,,40,36,27,handkerchief,,52,55,48,999
241,incongruent,card,,71,73,71,card,,64,78,59,handkerchief,,34,32,34,0
242,incongruent,card,,50,53,50,card,,52,56,51,handkerchief,,44,40,42,999
243,incongruent,card,,73,78,68,card,,68,76,73,handkerchief,,14,21,7,999
244,incongruent,card,,43,39,43,card,,49,32,46,handkerchief,,44,41,59,0
245,incongruent,card,,58,63,59,card,,63,70,57,handkerchief,,90,98,94,1
246,incongruent,card,,38,40,35,card,,41,39,35,handkerchief,,43,44,43,999
247,incongruent,card,,62,53,60,card,,56,56,66,handkerchief,,85,88,83,1
248,incongruent,card,,45,44,35,card,,50,42,33,handkerchief,,49,55,50,999
249,incongruent,card,,48,40,42,card,,55,33,44,handkerchief,,26,27,29,0
250,incongruent,card,,61,54,63,card,,54,56,54,handkerchief,,48,41,32,2
251,incongruent,card,,37,31,38,card,,29,35,35,handkerchief,,35,36,25,0
252,incongruent,card,,37,47,31,card,,35,42,28,handkerchief,,39,42,40,0
253,incongruent,card,,52,61,48,card,,51,68,42,handkerchief,,40,46,30,1
254,incongruent,card,,21,22,23,card,,24,20,25,handkerchief,,38,41,37,999
255,incongruent,card,,61,69,60,card,,61,72,67,handkerchief,,63,65,66,999
256,incongruent,card,,32,35,35,card,,38,25,30,handkerchief,,52,59,48,0
257,incongruent,card,,39,33,32,card,,39,30,37,handkerchief,,78,83,80,999
258,incongruent,card,,59,48,55,card,,61,43,55,handkerchief,,42,36,43,999
259,incongruent,card,,97,98,95,card,,95,103,96,handkerchief,,54,62,62,1
260,incongruent,card,,60,67,56,card,,57,74,62,handkerchief,,58,64,52,999
261,incongruent,card,,46,51,51,card,,48,55,45,handkerchief,,48,52,45,999
262,incongruent,card,,54,55,52,card,,44,59,44,handkerchief,,47,44,46,999
263,incongruent,card,,70,73,75,card,,58,60,77,handkerchief,,0,0,0,999
264,incongruent,card,,64,65,69,card,,71,62,75,handkerchief,,54,65,59,999
265,incongruent,card,,42,41,40,card,,39,40,37,handkerchief,,54,50,61,999
266,incongruent,handkerchief,,49,39,38,handkerchief,,49,41,37,coin,,70,69,70,999
267,incongruent,handkerchief,,19,23,15,handkerchief,,21,13,10,coin,,39,32,40,0
268,incongruent,handkerchief,,61,55,58,handkerchief,,63,51,62,coin,,13,22,10,0
269,incongruent,handkerchief,,54,52,50,handkerchief,,56,53,53,coin,,25,26,24,999
270,incongruent,handkerchief,,36,42,41,handkerchief,,30,41,34,coin,,28,27,25,999
271,incongruent,handkerchief,,46,37,51,handkerchief,,50,31,56,coin,,21,18,18,999
272,incongruent,handkerchief,,57,49,61,handkerchief,,61,49,59,coin,,24,13,23,0
273,incongruent,handkerchief,,52,47,50,handkerchief,,62,41,41,coin,,15,11,17,999
274,incongruent,handkerchief,,34,33,27,handkerchief,,31,38,37,coin,,29,19,29,999
275,incongruent,handkerchief,,49,50,39,handkerchief,,53,52,32,coin,,75,78,73,0
276,incongruent,handkerchief,,59,54,66,handkerchief,,48,53,62,coin,,18,11,15,999
277,incongruent,handkerchief,,53,58,43,handkerchief,,53,60,46,coin,,11,12,12,999
278,incongruent,handkerchief,,20,17,24,handkerchief,,18,14,25,coin,,26,25,24,999
279,incongruent,handkerchief,,32,39,26,handkerchief,,31,47,25,coin,,94,95,92,2
280,incongruent,handkerchief,,33,27,28,handkerchief,,35,39,30,coin,,20,18,19,1
281,incongruent,handkerchief,,66,69,61,handkerchief,,59,75,61,coin,,35,35,37,0
282,incongruent,handkerchief,,71,69,70,handkerchief,,70,70,67,coin,,35,33,36,0
283,incongruent,handkerchief,,29,39,26,handkerchief,,24,40,20,coin,,28,27,30,999
284,incongruent,handkerchief,,43,49,41,handkerchief,,41,48,30,coin,,31,35,27,999
285,incongruent,handkerchief,,47,50,43,handkerchief,,51,42,33,coin,,42,42,46,0
286,incongruent,handkerchief,,28,19,27,handkerchief,,32,9,19,coin,,30,31,33,999
287,incongruent,handkerchief,,25,26,17,handkerchief,,26,26,14,coin,,33,35,36,0
288,incongruent,handkerchief,,37,41,45,handkerchief,,40,43,36,coin,,10,10,14,999
289,incongruent,handkerchief,,45,48,38,handkerchief,,42,42,35,coin,,8,9,8,999
290,incongruent,handkerchief,,49,47,51,handkerchief,,54,45,51,coin,,9,17,12,999
291,incongruent,handkerchief,,52,56,51,handkerchief,,56,51,58,coin,,34,36,32,0
292,incongruent,handkerchief,,34,33,28,handkerchief,,35,36,29,coin,,15,19,13,999
293,incongruent,handkerchief,,64,64,67,handkerchief,,61,68,65,card,,84,87,82,0
294,incongruent,handkerchief,,63,57,61,handkerchief,,65,52,53,card,,28,35,31,999
295,incongruent,handkerchief,,65,62,68,handkerchief,,62,59,73,card,,21,20,27,999
296,incongruent,handkerchief,,51,58,43,handkerchief,,44,61,39,card,,20,23,17,999
297,incongruent,handkerchief,,70,68,75,handkerchief,,70,70,71,card,,10,6,9,999
298,incongruent,handkerchief,,59,47,51,handkerchief,,61,44,51,card,,18,12,9,999
299,incongruent,handkerchief,,70,70,69,handkerchief,,76,70,70,card,,18,19,19,999
300,incongruent,handkerchief,,61,64,61,handkerchief,,64,61,66,card,,17,19,26,999
301,incongruent,handkerchief,,28,37,31,handkerchief,,35,29,35,card,,31,29,20,999
302,incongruent,handkerchief,,59,56,59,handkerchief,,52,53,58,card,,18,19,9,999
303,incongruent,handkerchief,,54,47,63,handkerchief,,48,46,55,card,,35,23,26,0
304,incongruent,handkerchief,,47,40,45,handkerchief,,47,38,45,card,,31,37,35,999
305,incongruent,handkerchief,,40,29,45,handkerchief,,40,27,42,card,,24,14,25,999
306,incongruent,handkerchief,,59,55,68,handkerchief,,64,56,58,card,,1,0,1,999
307,incongruent,handkerchief,,35,42,30,handkerchief,,40,37,36,card,,30,32,25,999
308,incongruent,handkerchief,,28,31,27,handkerchief,,20,28,30,card,,25,15,29,999
309,incongruent,handkerchief,,39,41,41,handkerchief,,30,33,37,card,,13,4,17,999
310,incongruent,handkerchief,,46,44,45,handkerchief,,51,41,44,card,,22,11,18,0
311,incongruent,handkerchief,,58,58,56,handkerchief,,69,58,57,card,,28,27,30,0
312,incongruent,handkerchief,,58,61,61,handkerchief,,65,62,64,card,,60,65,69,0
313,incongruent,handkerchief,,46,49,46,handkerchief,,46,51,39,card,,10,5,2,999
314,incongruent,handkerchief,,51,47,41,handkerchief,,57,41,32,card,,36,32,36,999
315,incongruent,handkerchief,,45,39,42,handkerchief,,43,38,31,card,,14,9,17,999
316,incongruent,handkerchief,,41,44,44,handkerchief,,36,39,44,card,,23,19,9,999
317,incongruent,handkerchief,,47,49,52,handkerchief,,43,48,59,card,,22,11,15,999
318,incongruent,handkerchief,,52,47,52,handkerchief,,49,53,59,card,,19,24,21,999
319,control,control,,37,38,38,control,,42,49,35,coin,,38,34,31,999
320,control,control,,67,60,68,control,,70,55,63,coin,,61,59,60,2
321,control,control,,61,59,64,control,,68,56,56,coin,,47,46,46,999
322,control,control,,61,58,62,control,,65,57,62,coin,,0,0,0,999
323,control,control,,42,37,45,control,,38,42,40,coin,,54,57,57,999
324,control,control,,43,47,37,control,,48,50,31,coin,,40,37,34,999
325,control,control,,43,37,45,control,,38,39,45,coin,,30,26,31,999
326,control,control,,34,32,38,control,,42,30,32,coin,,0,0,0,999
327,control,control,,63,64,59,control,,57,58,58,coin,,46,45,53,999
328,control,control,,40,40,46,control,,47,48,60,coin,,46,54,39,999
329,control,control,,82,69,83,control,,76,79,85,coin,,43,43,34,999
330,control,control,,46,48,48,control,,58,38,37,coin,,47,42,43,0
331,control,control,,14,17,16,control,,12,13,8,coin,,58,56,58,999
332,control,control,,31,23,36,control,,31,29,35,coin,,41,38,40,999
333,control,control,,34,39,32,control,,28,37,36,coin,,43,36,39,999
334,control,control,,60,63,58,control,,59,63,65,coin,,37,35,28,999
335,control,control,,78,78,76,control,,77,76,78,coin,,49,50,51,999
336,control,control,,54,51,53,control,,54,43,62,coin,,45,51,47,999
337,control,control,,54,56,50,control,,53,54,51,coin,,0,0,0,999
338,control,control,,51,51,47,control,,44,48,45,coin,,42,44,41,999
339,control,control,,42,47,43,control,,39,41,38,coin,,78,69,81,2
340,control,control,,47,47,46,control,,37,47,40,coin,,58,59,54,999
341,control,control,,66,59,70,control,,65,56,70,coin,,59,60,59,999
342,control,control,,62,59,64,control,,63,57,62,coin,,51,51,52,999
343,control,control,,32,35,29,control,,38,29,30,coin,,59,64,62,999
344,control,control,,51,52,43,control,,53,48,43,coin,,47,50,37,999
345,control,control,,50,41,43,control,,48,32,41,coin,,54,57,59,999
346,control,control,,63,64,69,control,,65,67,64,coin,,86,88,80,2
347,control,control,,45,52,46,control,,40,51,43,coin,,67,76,65,999
348,control,control,,38,35,32,control,,34,37,21,coin,,57,61,56,999
349,control,control,,57,54,65,control,,57,62,63,coin,,80,80,84,2
350,control,control,,58,62,56,control,,57,55,51,coin,,33,35,23,999
351,control,control,,45,47,37,control,,41,46,35,coin,,16,14,21,999
352,control,control,,46,56,45,control,,41,56,40,coin,,69,77,57,2
353,control,control,,40,32,41,control,,48,23,44,coin,,58,64,57,999
354,control,control,,50,48,46,control,,41,46,50,coin,,39,39,34,999
355,control,control,,32,31,29,control,,38,37,33,coin,,57,52,65,0
356,control,control,,61,53,61,control,,60,50,61,coin,,64,72,68,999
357,control,control,,28,22,25,control,,29,22,27,coin,,55,56,59,2
358,control,control,,57,60,49,control,,59,59,43,coin,,12,11,12,999
359,control,control,,51,52,46,control,,54,57,51,coin,,70,74,79,2
360,control,control,,73,85,78,control,,80,84,66,coin,,37,37,34,999
361,control,control,,46,49,38,control,,43,64,37,coin,,49,57,44,999
362,control,control,,33,30,23,control,,31,25,23,coin,,45,49,41,999
363,control,control,,48,54,48,control,,43,56,52,coin,,0,0,0,999
364,control,control,,57,53,58,control,,55,47,55,coin,,51,54,51,999
365,control,control,,72,70,71,control,,75,71,75,coin,,48,51,54,999
366,control,control,,49,44,44,control,,45,41,46,coin,,39,34,39,999
367,control,control,,73,76,72,control,,76,83,68,coin,,51,47,47,999
368,control,control,,39,46,43,control,,34,40,42,coin,,49,52,47,999
369,control,control,,51,56,50,control,,44,44,50,coin,,30,32,25,999
370,control,control,,48,46,38,control,,47,48,35,coin,,53,56,53,0
371,control,control,,38,43,39,control,,42,43,40,coin,,80,84,85,0
372,control,control,,28,30,34,control,,29,25,39,card,,48,45,57,999
373,control,control,,28,28,23,control,,34,25,23,card,,52,51,52,999
374,control,control,,32,20,35,control,,32,23,28,card,,37,40,34,999
375,control,control,,52,52,49,control,,57,53,50,card,,14,12,14,999
376,control,control,,30,30,24,control,,32,29,19,card,,55,48,50,999
377,control,control,,31,21,34,control,,32,17,26,card,,0,0,0,999
378,control,control,,37,29,43,control,,33,29,48,card,,80,80,85,2
379,control,control,,42,48,46,control,,49,48,48,card,,36,36,40,999
380,control,control,,44,53,37,control,,38,46,38,card,,69,69,68,999
381,control,control,,52,53,51,control,,47,50,47,card,,40,35,43,2
382,control,control,,62,62,60,control,,57,67,60,card,,45,43,43,999
383,control,control,,47,52,46,control,,51,54,41,card,,48,42,59,999
384,control,control,,60,61,56,control,,66,63,60,card,,69,64,69,0
385,control,control,,39,51,40,control,,30,60,47,card,,59,54,56,999
386,control,control,,12,21,11,control,,14,30,6,card,,33,30,28,999
387,control,control,,66,58,66,control,,59,53,74,card,,51,60,51,999
388,control,control,,44,44,42,control,,43,47,35,card,,69,75,63,999
389,control,control,,37,32,37,control,,33,31,29,card,,0,0,0,999
390,control,control,,30,36,35,control,,30,29,38,card,,44,40,43,999
391,control,control,,19,25,24,control,,23,23,21,card,,40,42,34,999
392,control,control,,27,30,19,control,,17,35,13,card,,58,55,52,999
393,control,control,,18,11,19,control,,18,8,20,card,,28,18,27,999
394,control,control,,36,39,32,control,,39,35,33,card,,45,37,40,999
395,control,control,,32,32,35,control,,29,33,30,card,,45,42,46,999
396,control,control,,28,29,28,control,,37,28,24,card,,90,99,95,2
397,control,control,,59,56,57,control,,57,60,68,card,,58,62,56,999
398,control,control,,59,57,56,control,,51,62,61,card,,44,35,51,0
399,control,control,,41,41,44,control,,42,50,36,card,,57,50,51,999
400,control,control,,47,51,40,control,,47,49,32,card,,62,56,62,999
401,control,control,,51,52,46,control,,49,54,52,card,,50,49,59,999
402,control,control,,75,76,76,control,,78,68,79,card,,56,57,55,0
403,control,control,,57,48,61,control,,63,37,69,card,,65,54,73,999
404,control,control,,22,28,16,control,,30,29,19,card,,34,36,37,999
405,control,control,,50,52,53,control,,37,47,55,card,,48,47,44,0
406,control,control,,44,39,43,control,,37,40,45,card,,35,36,42,0
407,control,control,,61,55,65,control,,62,64,63,card,,35,37,36,0
408,control,control,,33,28,35,control,,40,20,18,card,,32,34,25,999
409,control,control,,37,42,39,control,,45,37,35,card,,57,59,53,999
410,control,control,,42,40,42,control,,34,35,41,card,,37,37,40,999
411,control,control,,63,61,70,control,,68,66,74,card,,0,0,0,999
412,control,control,,49,49,49,control,,48,44,53,card,,55,53,57,0
413,control,control,,20,21,20,control,,12,22,21,card,,63,66,62,0
414,control,control,,20,17,22,control,,19,18,34,card,,63,66,61,999
415,control,control,,56,52,58,control,,49,48,58,card,,50,45,55,999
416,control,control,,48,45,50,control,,37,44,54,card,,56,53,60,999
417,control,control,,73,74,74,control,,66,78,70,card,,45,51,56,0
418,control,control,,54,52,55,control,,56,59,60,card,,44,47,37,999
419,control,control,,47,41,46,control,,47,37,45,card,,54,56,55,999
420,control,control,,46,45,38,control,,43,50,42,card,,12,14,12,999
421,control,control,,64,59,66,control,,63,61,59,card,,25,27,33,999
422,control,control,,44,42,42,control,,44,42,42,card,,12,16,9,999
423,control,control,,53,44,52,control,,57,38,33,card,,54,57,54,0
424,control,control,,60,69,69,control,,54,67,67,card,,20,24,18,0
425,control,control,,25,31,18,control,,21,37,16,handkerchief,,22,23,23,999
426,control,control,,68,71,76,control,,72,66,73,handkerchief,,32,36,26,999
427,control,control,,42,41,46,control,,42,47,46,handkerchief,,28,26,15,999
428,control,control,,45,45,55,control,,43,45,63,handkerchief,,21,23,21,999
429,control,control,,69,75,66,control,,68,78,68,handkerchief,,14,12,4,999
430,control,control,,54,67,51,control,,57,67,54,handkerchief,,17,11,10,999
431,control,control,,54,48,55,control,,57,50,55,handkerchief,,20,14,20,999
432,control,control,,51,45,53,control,,57,41,53,handkerchief,,27,27,30,999
433,control,control,,43,47,47,control,,44,51,50,handkerchief,,27,25,30,999
434,control,control,,52,44,55,control,,44,43,56,handkerchief,,23,24,22,999
435,control,control,,67,67,60,control,,61,58,55,handkerchief,,34,36,37,999
436,control,control,,63,65,67,control,,62,57,60,handkerchief,,16,9,17,999
437,control,control,,54,52,48,control,,52,45,41,handkerchief,,31,32,33,999
438,control,control,,34,33,39,control,,35,35,38,handkerchief,,17,22,11,999
439,control,control,,62,62,61,control,,57,54,64,handkerchief,,35,37,34,0
440,control,control,,33,31,32,control,,37,38,28,handkerchief,,18,16,16,999
441,control,control,,54,53,57,control,,48,54,61,handkerchief,,86,89,90,2
442,control,control,,44,39,43,control,,46,45,45,handkerchief,,20,13,16,999
443,control,control,,69,70,67,control,,64,74,58,handkerchief,,20,17,16,999
444,control,control,,68,77,69,control,,73,76,64,handkerchief,,16,18,15,999
445,control,control,,55,52,47,control,,44,52,47,handkerchief,,29,25,31,999
446,control,control,,20,22,18,control,,19,12,11,handkerchief,,18,13,13,999
447,control,control,,52,51,43,control,,50,52,46,handkerchief,,19,10,26,999
448,control,control,,64,67,71,control,,63,60,77,handkerchief,,26,32,25,999
449,control,control,,48,43,50,control,,50,39,52,handkerchief,,46,47,43,0
450,control,control,,72,58,72,control,,77,56,64,handkerchief,,2,9,7,999
451,control,control,,72,60,76,control,,71,52,76,handkerchief,,8,13,8,999
452,control,control,,61,66,56,control,,67,66,62,handkerchief,,14,14,13,999
453,control,control,,74,75,76,control,,79,82,79,handkerchief,,19,18,21,0
454,control,control,,68,72,77,control,,67,77,75,handkerchief,,13,14,8,999
455,control,control,,53,53,43,control,,59,47,52,handkerchief,,18,17,16,999
456,control,control,,35,34,40,control,,32,40,34,handkerchief,,20,13,15,0
457,control,control,,28,22,33,control,,34,28,27,handkerchief,,21,30,27,999
458,control,control,,56,53,52,control,,52,54,42,handkerchief,,23,25,18,999
459,control,control,,56,54,62,control,,58,54,64,handkerchief,,13,13,14,999
460,control,control,,35,28,36,control,,39,25,40,handkerchief,,33,21,33,999
461,control,control,,54,54,55,control,,57,50,56,handkerchief,,7,8,2,999
462,control,control,,33,26,34,control,,42,28,25,handkerchief,,30,23,36,999
463,control,control,,61,65,66,control,,60,61,76,handkerchief,,23,17,34,999
464,control,control,,36,47,35,control,,36,49,29,handkerchief,,15,21,21,999
465,control,control,,35,43,39,control,,39,43,29,handkerchief,,16,14,21,999
466,control,control,,25,25,27,control,,15,17,28,handkerchief,,20,22,29,999
467,control,control,,56,56,50,control,,67,55,58,handkerchief,,9,4,12,999
468,control,control,,58,52,53,control,,59,56,48,handkerchief,,70,79,82,2
469,control,control,,47,39,42,control,,55,45,41,handkerchief,,28,30,29,999
470,control,control,,24,25,20,control,,27,29,18,handkerchief,,16,14,8,999
471,control,control,,43,40,48,control,,36,42,45,handkerchief,,19,15,21,999
472,control,control,,47,37,47,control,,41,39,45,handkerchief,,18,26,14,999
473,control,control,,32,18,26,control,,36,12,18,handkerchief,,34,37,30,999
474,control,control,,45,40,27,control,,42,32,22,handkerchief,,15,17,16,999
475,control,control,,67,78,65,control,,69,82,63,handkerchief,,21,10,20,999
476,control,control,,20,23,19,control,,13,25,11,handkerchief,,11,9,6,999
477,control,control,,56,56,48,control,,56,50,44,handkerchief,,22,14,24,999
